delta__0__y1__x1,
delta__0__y2__x1,
delta__0__y3__x1,
delta__0__y4__x1,
delta__0__y5__x1,
delta__0__y6__x1,
delta__0__y7__x1,
delta__0__y8__x1,
delta__0__y9__x1,
delta__1__y1__x1,
delta__1__y2__x1,
delta__1__y3__x1,
delta__1__y4__x1,
delta__1__y5__x1,
delta__1__y6__x1,
delta__2__y1__x1,
delta__2__y2__x1,
delta__2__y3__x1,
delta__2__y4__x1,
delta__2__y5__x1,
delta__2__y6__x1,
delta__3__y1__x1,
delta__3__y2__x1,
delta__3__y3__x1,
delta__3__y4__x1,
delta__3__y5__x1,
delta__3__y6__x1,
delta__3__Q1__constant,
delta__3__Q1__x1,
H__0__fac1__y2,
H__0__fac1__y3,
H__0__fac2__y5,
H__0__fac2__y6,
H__0__fac3__y8,
H__0__fac3__y9,
H__1__fac1__y2,
H__1__fac1__y3,
H__1__fac2__y5,
H__1__fac2__y6,
H__2__fac1__y2,
H__2__fac1__y3,
H__2__fac2__y5,
H__2__fac2__y6,
H__3__fac1__y2,
H__3__fac1__y3,
H__3__fac2__y5,
H__3__fac2__y6,
H__3__fac1__Q1,
R__0__y1,
R__0__y2,
R__0__y3,
R__0__y4,
R__0__y5,
R__0__y6,
R__0__y7,
R__0__y8,
R__0__y9,
R__1__y1,
R__1__y2,
R__1__y3,
R__1__y4,
R__1__y5,
R__1__y6,
R__2__y1,
R__2__y2,
R__2__y3,
R__2__y4,
R__2__y5,
R__2__y6,
R__3__y1,
R__3__y2,
R__3__y3,
R__3__y4,
R__3__y5,
R__3__y6,
R__3__Q1,
Q__0__fac1,
Q__0__fac2,
cholesky_P_zero__0__fac1__fac1,
cholesky_P_zero__0__fac1__fac2,
cholesky_P_zero__0__fac1__fac3,
cholesky_P_zero__0__fac2__fac2,
cholesky_P_zero__0__fac2__fac3,
cholesky_P_zero__0__fac3__fac3,
gamma__0__fac1__fac1,
gamma__0__fac1__fac2,
phi__0__fac1__Phi,
lincoeff__0__fac2__fac2,
